Nombre,Referencia
ACEITE SILICONADO PARA  BANDAS FUSORAS 38ML,ACEITE
ALIMENTADOR HP KITX 3 /PICKUP ROLLER BANDEJA 1  HP LJ M630/M4555F/P4014/P4015 GENERICO,CB50667905
ALIMENTADOR K FS 1130/1100/1320/1370/1035/2035 ORIGINAL,302F906230
ALIMENTADOR R  KIT ARRASTRE ORIGINAL MP4054 GOMA CASETERA  MP2554/3054,AF030094
ALIMENTADOR R ADF MP 4000/4001/5000/5001/5002 ORIGINAL,B8024361
BANDA HP FUS P4015/M630,80102
BASCULA DE MESA DE 40K,BASC40K
BASE REFRIGERANTE JALTECH,JALT/6013
CABEZAL EPSON L3110,CABEPL3110
CABEZAL HP 515  MOH50A/MOH51A/5810/5820 BLACK ORIGINAL,M0H51AL
CABLE DE RED AZUL CAT 6 100% COBRE 5 MTS,80056
CABLE DE RED BLANCO CAT 6 3 MTS,3010
CABLE DE RED BLANCO CAT 6E 5 MTS 3011/6071/1042G3,3011
CABLE DE RED CAT 6 1.8MTS,CABLE1.8MTS
CAJA DE MANTENIMIENTO NEWPRINT C9344,21859
CHIP DE TONER ROCOH IM 350F GZ GENERICO 14K,NC-RCIM350T-WW
CHIP R MPC 2003/C2503/2011/3003/3503//6004 BLACK UNIVERSAL,NCRC04ULTK/NCRC03/04ULTK/NCRC0
CHIP R MPC 305 YELLOW,NCRC305TY
CILINDRO R AF MP 4000/4402/5001/5002/ESPECIFICO,39FT
CILINDRO R AF MP 501/601 ORIGINAL,M2813041/M28130407M2813042
CILINDRO R MPC2000/2500/2800/3000/3001/3002/3501/3502/3500/4500/C4000/C5000/C4501/C5501/C4502/5502,4120612/MIC58/CET6163
CILINDRO RICOH MPC2003/C2503/C2004/C2504/C2001/C2501/IMC2000/IMC2000A/IMC2500 MIC,IMC2003/CET6232
CILINDRO T205L/6L/7L/255/305/306/307/355/6/357/455/6/457/2008A/2508A/3008A KATUN,CET6534/51539
CINTA EPSON S015335G GENERICA,S015335G
CONVERTIDOR 5 en 1 Tipo C A RJ45 - 3 Puertos USB 3.0/ 1 TIPO C GENIUS UH-545,UH-545
CUCHILLA E-STUDIO 2500C 2820C 3200C 3510C 4520C  GENERICO,TMS2045
CUCHILLA R BANDA MPC2003/3003/3503/C3504/C4003/C4503/C5003/C5503/C6003/2503,TMS2152G/CET6347
CUCHILLA R CIL 1022/MP2550/2851/2852/3350/3352 ORIGINAL,AD041114
"DESTORNILLADOR PARA TUERCAS 5,5 MM",19872
DISCO DURO 240,320
ETIQUETA PPBB 50x25mm C25mm x 3000 UNIDADES,7604
Etiqueta PPBB 50x75mm C25mm rollox1000 unidades,PPBB50x75mmC=25mm
FILTRO DESARROLLADOR MP 4000/5000,D0093086
"FOTOCOPIADORA R 301 MP USED 128088/423,267 PEDRO PABLO CORDOBA",W915P301897
GUIA R MP 4000/5000 ORGINAL PEINE VA ENCIMA GUIA DUPLEX PEGADA EN LA CANOA GENERICA,4483FT
GUIA R MP 4000/5000/5001 UD FUSORA ORIGINAL,D0094163
KIT KYOCERA MANTENIMIENTO ECOSYS P3045DN ORIGINAL,1702T97US0
KIT MANTENIMIENTO CANON MC G02 G2160-G3160,G3160
KIT PICKUP POLLER SCANNER BROTHER ADS-3100,PRK-A3001
KIT PICKUP ROLLER ADF ASSY EPSON WF DS-530 570 770,B12B819031-H
MEMORIA USB 3.5 KINGSTON 64GB,DTX/EXODIA
MOUSE INALAMBRICO VERTICAL TRUST VERRO RECARGAB,2083
PALANCA R FRONTAL Y POSTERIOR MP 2554/3054/3055/4054/4055/5054/5055 UNIDAD FUSORA GENERICA X2,D2024234/D2024244
REVELADOR M DI 2510/251/3510 DV110 GENERICO HYB,DV110HYB
REVELADOR R AF 1515/201/301 CET SOL,CET8881
REVELADOR R MP 2554/3054/3554/4054/4055/5055/6055 ORIGINAL,D1979641ORIGINAL7D1979641
REVELADOR R MP 4000/4001/4002/5000/5001/5002/MP3500/MP4500/ GENERICO SOL,CET8107N
RODILLO K FUSOR KM2810 GENERICO,460FG
RODILLO K PRESION P2035D CET,CET7850
RODILLO R CARGA MPC 300/400/401 GENERICO,247FG
RODILLO R CARGA MPC 3003/3004/3503/3504/4503/4504/5503/5504/6003/6004/IMC3000/3500,RCTMMPC3503/TMS2128C/cet7730
RODILLO R FUS MP 401/SP4510/SP4520/ IM350/ IM430/IM350 ORIGINAL,M1604119ORIGINAL
RODILLO R FUSOR MP 305 GENÉRICO,CET7720
RODILLO R INFE IM 430F/IM430FB/IM350/IM350F/P501/P502 GENERICO SIN BALINERA,CET211024/211024ANG
ROLLO TERMICO 48GR 80MM 60MTS,3166
SOPORTE GIRATORIO DE FUSION RICOH AFICI,B0271170
SOPORTE R UÑAS CIL MP 4000/5000/4002/5002 ORIGINAL,A2322340
TAPA DUPLEX  EXTERNA 4000/5000/ MPC 3500/4500/C4501/5501 TAPA Z GENERICA,B2234531GENERICA
TELILLA R BANDA COMPLETA MP 2554/4054/5054 GENERICA COMPLETA CON VARILLA,OILPADMP4054/94011/cet311045
THERMISTOR R PRESION MPC 2030/2550/2050 MIDDLE,AW100127
THERMISTOR R PRESION MPC 2550/2030/2050 FRONT,AW100128
THERMSITOR FUSOR  RICOH MP 401 ORIGINAL,M1604216
TINTA CANON G11 CYAN GENERICA,G11C
TINTA CANON G11 MAGENTA GENERICO,G11M
TINTA CANON G11 YELLOW GENERICO,G11Y
TINTA CANON GI190 CYAN ORIGINAL GX2000/2100/3000/3102/3110/1110/3111/4100,GI190C
TINTA CANON GI190 MAGENTA ORIGINAL GX2000/2100/3000/3102/3110/1110/3111/4100,GI190Morigi
TINTA EP C5890 WORKFORCE PRO WF-C5890/T11A BLACK 143 ML,T11A120
TINTA EP C5890 WORKFORCE PRO WF-C5890/T11A YELLOW,W5890Y
TINTA EPSON T574120 BLACK ORIGINAL,T574120
TINTA EPSON WF-C5890 / C5390 BLACK GENERICA,E-T11B1
TINTA HP GT52 MAGENTA/GT5800/HP INK TANK/HP SMART TANK SERIES GENERICO,GT52MG
TINTA HP GT52 YELLOW /GT5800/HP INK TANK/HP SMART TANK SERIES GENERICO,GT52YG
TINTA HP GT53 BLACK GT5800/HP INK TANK/HP SMART TANK SERIES ORIGINAL,GT53K
TONER BROTHER HL-L8360CDW / HL-L9310CDW / MFC-L9570CDW BLACK TN439BK MIC,MICTOTN439BK
TONER BROTHER TN 760/730/DCPL2550DW GENERICO,TN760/MICTOTN760/NEU760
TONER HP 145X CON CHIP/MG LASER JET PRO/ W1450X / M454/MFP M479/W1450/MFP3003/3101/02/03/04 GENERICO,W1450XCONCHIP/MICTOHP145CC
TONER HP 151A/4003/4103/W1510A SIN CHIP GENERICO,151ASINCHIP/MICTOHP151ASC
TONER HP 500/CF502 BLACK GENERICO,CF500BK
TONER HP CE390X/C364X BLACK GENERICO CAJA BLANCA,CE390X
TONER HP W1105X CON CHIP/105/107/MFP135/137 CON CHIP,W1105XCONCHIP/RMW1105X5K/pew11
TONER HP W2021A CYAN GENERICO,HP414
TONER HP W2022A YELLOW SIN CHIP  GENERICO,RM-W2022
TONER HP W2023 MAGENTA GENERICO SIN CHIP,RM-W2023
TONER K ECOSYS 3145/3645/3045 TK 3162 ORIGINAL,TK3162ORIG
TONER K M5521 TK5232 BLACK HYB,TK5232KHYB
TONER K M5521 TK5232 CYAN HYB,TK5232CHYB
TONER K M5521 TK5232 MAGENTA HYB,TK5232MHYB
TONER K M5521 TK5232 YELLOW HYB,TK5232YHYB
TONER K M5526CDW/P5026CDW BLACK GENERICO TK5242,TK5242KTDI/70011
TONER K TK 3402 ORIGINAL,TK3402ORIGINAL
TONER K TK1175 ECOSYS M2040DN ORIGINAL,TK1175
TONER K TK3102 FS 2100DN/M3040/M3540/352/342/332 AMERICANO,8TK3102G
TONER K TK3202 FS P3260DN/M3860idn,TK3202G
TONER KMT TK17 1820 la/1500 COD 370PU010 fs 1000 O ver Tk17/Tk18 ORIGINAL,370PU010001
TONER KYOCERA TK1242 MA2000 /W/ PA2000W GENERICO,TK1242HYB
TONER M RE BIZ C224/C284/C364/C454/C554/C220/C280/C360 MAGENTA X 1000 GRMAOS GENERICA,TE0201/E781M
TONER MINOLTA BIZHUB C 454/554 TN512K,CET7313
TONER PANTUM 2509 GENERICO,2509
TONER R IMC 2000/2500 ORIGINAL MAGENTA,842444E/842309ORIGINAL
TONER R IMC 2000/2500 ORIGINAL YELLOW,842443/842308ORIGINAL
TONER R IMC 3000/3500 CYAN GENERICO,IMC3000CGENERICO
TONER R IMC 3000/IMC3500 BLACK GENERICO,IMC3000BGENERICO
TONER R IMC 3000/IMC3500 YELLOW GENERICO,IMC3000YGENERICO
TONER R MP 2554/2555/3054/3055/3554/3555/IM2500/IM3500 630 GR ESPECIFICO GENERICO,T2554HYB630GR/TONMP2554ANG/OAT
TONER R MP 4054/4055/5054/5055/6054/6055/ IM4000/IM5000/IM6000/1.046GRAMOS GENERICO,04010972/1.046GRAMOS/CET6770
TONER R MPC 2800/3300/3001/3501 MAGENTA,3AZMPC2800M
TONER R MPC 306/307/406/407 BLACK ORIGINAL,842091
TONER R PRO C7200 KIT X 4,C7200COLOR
TONER R RE SP 3710/310/320 X KILO 1000 GRAMOS,T20158
TONER SAM M4030/M4080/D201L GENERICO,RMMLTD201L
TONER T ET 4590U/206L/256/306/356/456/506  ORIGINAL,T4590U
UNIDAD HP DRUM 1104 NEVERSTOP LASER 1000/MFP1200 ORIGINAL,W1104A
UNIDAD IMAG R 1022/207/2852/3352/ GENERICA,411018G
UNIDAD R MPC 3004 /3504 RECONSTRUIDA BLACK,HTC5007
UPS INTERATIVA 3000 NETION UP INTERACTIVA MF3KVA,01NTUP11MF3000
UÑAS K M2030/2035/1035/1028 X4 GENERICAS,CET7823
